company_id,company_name,ai_kw_hits_2025,ai_breadth_2025,ai_depth_2025,ai_hhi_2025,ai_product_lines_2025,primary_direction_2025,top3_2025,text_len,ai_density_2025,rd_text_type
300996.SZ,普联软件,61,5,31.0,0.286,4,大模型与生成式AI,大模型与生成式AI(13.0) > AI工程化与算力底座(8.0) > 机器学习与深度学习(5.0),4472,13.64,叙述型(含研发项目描述)
300085.SZ,银之杰,26,5,20.5,0.284,1,计算机视觉,计算机视觉(7.5) > AI工程化与算力底座(7.0) > 机器学习与深度学习(3.0),1382,18.813,叙述型(含研发项目描述)
300468.SZ,四方精创,91,5,20.0,0.349,5,大模型与生成式AI,大模型与生成式AI(10.5) > 隐私计算与可信AI(4.5) > 强化学习与智能优化(2.0),11600,7.845,叙述型(含研发项目描述)
300033.SZ,同花顺,87,7,19.5,0.378,2,大模型与生成式AI,大模型与生成式AI(11.5) > 智能语音(2.0) > 知识图谱(1.5),2438,35.685,叙述型(含研发项目描述)
002657.SZ,中科金财,31,4,19.0,0.573,1,大模型与生成式AI,大模型与生成式AI(14.0) > 计算机视觉(3.0) > 自然语言处理(1.0),1714,18.086,叙述型(含研发项目描述)
300180.SZ,华峰超纤,51,5,18.0,0.35,1,大模型与生成式AI,大模型与生成式AI(9.5) > 智能决策与预测(4.0) > 机器学习与深度学习(2.0),3246,15.712,叙述型(含研发项目描述)
601519.SH,大智慧,56,5,16.0,0.432,2,大模型与生成式AI,大模型与生成式AI(10.0) > 机器学习与深度学习(2.5) > 知识图谱(1.5),3047,18.379,纯表格型(仅投入金额表)
300059.SZ,东方财富,32,3,10.5,0.746,2,大模型与生成式AI,大模型与生成式AI(9.0) > AI工程化与算力底座(1.0) > 智能决策与预测(0.5),1486,21.534,叙述型(含研发项目描述)
300541.SZ,先进数通,13,2,10.0,0.5,2,大模型与生成式AI,大模型与生成式AI(5.0) > AI工程化与算力底座(5.0),3151,4.126,叙述型(含研发项目描述)
300663.SZ,科蓝软件,13,2,6.5,0.503,1,AI工程化与算力底座,AI工程化与算力底座(3.5) > 大模型与生成式AI(3.0),1852,7.019,叙述型(含研发项目描述)
002987.SZ,京北方,9,1,5.0,1.0,1,大模型与生成式AI,大模型与生成式AI(5.0),192,46.875,叙述型(含研发项目描述)
002670.SZ,国盛证券,10,2,5.0,0.52,2,大模型与生成式AI,大模型与生成式AI(3.0) > 智能决策与预测(2.0),1448,6.906,叙述型(含研发项目描述)
300941.SZ,创识科技,68,2,4.5,0.556,3,计算机视觉,计算机视觉(3.0) > 智能决策与预测(1.5),4738,14.352,叙述型(含研发项目描述)
300561.SZ,汇金科技,5,3,4.5,0.506,0,大模型与生成式AI,大模型与生成式AI(3.0) > 计算机视觉(1.0) > AI工程化与算力底座(0.5),1997,2.504,叙述型(含研发项目描述)
300674.SZ,宇信科技,8,1,3.0,1.0,1,大模型与生成式AI,大模型与生成式AI(3.0),289,27.682,叙述型(含研发项目描述)
300465.SZ,高伟达,10,2,3.0,0.556,1,大模型与生成式AI,大模型与生成式AI(2.0) > 自然语言处理(1.0),326,30.675,叙述型(含研发项目描述)
300380.SZ,安硕信息,9,2,3.0,0.556,1,计算机视觉,计算机视觉(2.0) > 大模型与生成式AI(1.0),567,15.873,叙述型(含研发项目描述)
300348.SZ,长亮科技,2,1,2.0,1.0,0,大模型与生成式AI,大模型与生成式AI(2.0),259,7.722,叙述型(含研发项目描述)
300803.SZ,指南针,18,2,1.5,0.556,2,智能决策与预测,智能决策与预测(1.0) > 知识图谱(0.5),1543,11.666,叙述型(含研发项目描述)
000567.SZ,海德股份,2,1,1.0,1.0,1,智能决策与预测,智能决策与预测(1.0),628,3.185,叙述型(含研发项目描述)
000997.SZ,新大陆,19,1,1.0,1.0,1,智能决策与预测,智能决策与预测(1.0),746,25.469,叙述型(含研发项目描述)
300130.SZ,新国都,30,1,1.0,1.0,2,智能决策与预测,智能决策与预测(1.0),1570,19.108,叙述型(含研发项目描述)
000987.SZ,越秀资本,8,1,1.0,1.0,2,大模型与生成式AI,大模型与生成式AI(1.0),839,9.535,纯表格型(仅投入金额表)
002647.SZ,仁东控股,26,1,1.0,1.0,4,智能决策与预测,智能决策与预测(1.0),2182,11.916,叙述型(含研发项目描述)
000776.SZ,广发证券,0,0,0.0,,0,,,40,0.0,未披露/极简
000686.SZ,东北证券,0,0,0.0,,0,,,107,0.0,纯表格型(仅投入金额表)
300377.SZ,赢时胜,0,0,0.0,,0,,,100,0.0,叙述型(含研发项目描述)
300333.SZ,兆日科技,0,0,0.0,,0,,,274,0.0,叙述型(含研发项目描述)
002721.SZ,金一文化,45,0,0.0,,3,,,2055,21.898,叙述型(含研发项目描述)
300079.SZ,数码视讯,0,0,0.0,,0,,,1448,0.0,叙述型(含研发项目描述)
002926.SZ,华西证券,0,0,0.0,,0,,,36,0.0,未披露/极简
002797.SZ,第一创业,0,0,0.0,,0,,,36,0.0,未披露/极简
002537.SZ,海联金汇,4,0,0.0,,1,,,1991,2.009,叙述型(含研发项目描述)
001236.SZ,弘业期货,5,0,0.0,,0,,,288,17.361,叙述型(含研发项目描述)
000750.SZ,国海证券,0,0,0.0,,0,,,44,0.0,未披露/极简
300542.SZ,新晨科技,0,0,0.0,,0,,,245,0.0,叙述型(含研发项目描述)
600446.SH,金证股份,0,0,0.0,,0,,,394,0.0,纯表格型(仅投入金额表)
600095.SH,湘财股份,0,0,0.0,,0,,,358,0.0,纯表格型(仅投入金额表)
600624.SH,ST复华,0,0,0.0,,0,,,422,0.0,纯表格型(仅投入金额表)
600816.SH,建元信托,0,0,0.0,,0,,,97,0.0,纯表格型(仅投入金额表)
600864.SH,哈投股份,0,0,0.0,,0,,,100,0.0,纯表格型(仅投入金额表)
600570.SH,恒生电子,0,0,0.0,,0,,,384,0.0,纯表格型(仅投入金额表)
600906.SH,财达证券,0,0,0.0,,0,,,99,0.0,纯表格型(仅投入金额表)
600909.SH,华安证券,0,0,0.0,,0,,,98,0.0,纯表格型(仅投入金额表)
601059.SH,信达证券,0,0,0.0,,0,,,361,0.0,纯表格型(仅投入金额表)
600928.SH,西安银行,0,0,0.0,,0,,,329,0.0,未披露/极简
601136.SH,首创证券,0,0,0.0,,0,,,97,0.0,纯表格型(仅投入金额表)
601198.SH,东兴证券,0,0,0.0,,0,,,95,0.0,纯表格型(仅投入金额表)
601375.SH,中原证券,0,0,0.0,,0,,,98,0.0,纯表格型(仅投入金额表)
601099.SH,太平洋,0,0,0.0,,0,,,99,0.0,纯表格型(仅投入金额表)
601456.SH,国联民生,0,0,0.0,,0,,,369,0.0,纯表格型(仅投入金额表)
601788.SH,光大证券,0,0,0.0,,0,,,477,0.0,纯表格型(仅投入金额表)
603093.SH,南华期货,0,0,0.0,,0,,,341,0.0,纯表格型(仅投入金额表)
603123.SH,翠微股份,0,0,0.0,,0,,,356,0.0,纯表格型(仅投入金额表)
603171.SH,税友股份,0,0,0.0,,0,,,384,0.0,纯表格型(仅投入金额表)
603927.SH,中科软,0,0,0.0,,0,,,376,0.0,纯表格型(仅投入金额表)
688318.SH,财富趋势,0,0,0.0,,0,,,230,0.0,纯表格型(仅投入金额表)
688590.SH,新致软件,0,0,0.0,,0,,,280,0.0,纯表格型(仅投入金额表)
