company_id,company_name,segment,board,in_kg_sample,revenue_2025_yi,revenue_source,revenue_implied_yi,net_profit_2025_yi,total_assets_2025_yi,roe_2025_pct,net_margin_pct,is_loss,rd_amount_2025_yi,rd_intensity_pct,rd_growth_pct,rd_cap_ratio_pct,rd_staff_2025,rd_disclosed,rd_format,asset_intensity
000567.SZ,海德股份,其他金融,,False,7.31,年报反推,7.31,,,,,,0.0066,0.09,-90.28,0.0,,True,A_深市版,资产密集型金融机构
000686.SZ,东北证券,证券,,False,,缺失,,,,,,,,,,,,False,无投入表,资产密集型金融机构
000750.SZ,国海证券,证券,,False,,缺失,,,,,,,,,,,,False,无投入表,资产密集型金融机构
000776.SZ,广发证券,证券,,False,,缺失,,,,,,,,,,,,False,无投入表,资产密集型金融机构
000987.SZ,越秀资本,证券,深市主板,True,76.77,年报反推,76.77,,,,,,0.0461,0.06,-40.7,,,True,A_深市版,资产密集型金融机构
000997.SZ,新大陆,支付与商户服务,深市主板,True,87.58,年报检索,87.62,10.11,,13.91,11.54,0.0,6.5103,7.43,-2.02,0.0,3594.0,True,A_深市版,轻资产科技服务商
001236.SZ,弘业期货,期货,,False,,缺失,,,,,,,,,,,,False,无投入表,资产密集型金融机构
002537.SZ,海联金汇,其他,,False,,缺失,,,,,,,,,,,,False,无投入表,轻资产科技服务商
002647.SZ,仁东控股,支付与商户服务,深市主板,True,8.22,年报反推,8.22,,,,,,0.3511,4.27,-32.19,,,True,A_深市版,轻资产科技服务商
002657.SZ,中科金财,金融IT服务商,深市主板,True,8.56,年报检索,8.56,-1.1,,,-12.85,1.0,1.9797,23.13,14.57,,,True,A_深市版,轻资产科技服务商
002670.SZ,国盛证券,证券,深市主板,True,,缺失,,,,,,,0.1874,,13.27,,,True,A_深市版,资产密集型金融机构
002721.SZ,金一文化,其他,深市主板,True,8.77,年报反推,8.77,,,,,,0.2737,3.12,,,,True,A_深市版,轻资产科技服务商
002797.SZ,第一创业,证券,,False,,缺失,,,,,,,,,,,,False,无投入表,资产密集型金融机构
002926.SZ,华西证券,证券,,False,,缺失,,,,,,,,,,,,False,无投入表,资产密集型金融机构
002987.SZ,京北方,金融IT服务商,深市主板,True,48.39,年报检索,,3.27,,,6.76,0.0,,,,,,False,无投入表,轻资产科技服务商
300033.SZ,同花顺,互联网金融信息,创业板,True,60.29,年报检索,60.3,32.05,,,53.16,0.0,11.4508,18.99,-4.04,,3141.0,True,A_深市版,轻资产科技服务商
300059.SZ,东方财富,互联网金融信息,创业板,True,160.68,年报检索,160.62,120.85,,,75.21,0.0,10.6655,6.64,-6.66,,1973.0,True,A_深市版,轻资产科技服务商
300079.SZ,数码视讯,其他,,False,7.33,年报反推,7.33,,,,,,0.9829,13.41,-27.17,,,True,A_深市版,轻资产科技服务商
300085.SZ,银之杰,金融IT服务商,创业板,True,7.58,年报检索,,-1.33,9.13,-27.22,-17.55,1.0,,,,,,False,无投入表,轻资产科技服务商
300130.SZ,新国都,支付与商户服务,创业板,True,31.8,年报检索,31.79,4.69,,,14.75,0.0,2.8679,9.02,3.67,,,True,A_深市版,轻资产科技服务商
300180.SZ,华峰超纤,其他,创业板,True,40.0,年报反推,40.0,,,,,,1.5321,3.83,-20.27,,,True,A_深市版,轻资产科技服务商
300333.SZ,兆日科技,金融IT服务商,,False,,缺失,,,,,,,,,,,,False,无投入表,轻资产科技服务商
300348.SZ,长亮科技,金融IT服务商,创业板,True,19.58,年报检索,,0.21,29.51,0.97,1.07,0.0,,,,,,False,无投入表,轻资产科技服务商
300377.SZ,赢时胜,金融IT服务商,创业板,True,13.7,年报检索,,-0.0526,,,-0.38,1.0,,,,,,False,无投入表,轻资产科技服务商
300380.SZ,安硕信息,金融IT服务商,,False,,缺失,,,,,,,,,,,,False,无投入表,轻资产科技服务商
300465.SZ,高伟达,金融IT服务商,创业板,True,,缺失,,,,,,,,,,,,False,无投入表,轻资产科技服务商
300468.SZ,四方精创,金融IT服务商,创业板,True,6.31,年报检索,6.31,0.743,,,11.77,0.0,0.5992,9.5,-14.52,,,True,A_深市版,轻资产科技服务商
300541.SZ,先进数通,金融IT服务商,创业板,True,35.84,年报检索,35.79,1.19,,7.03,3.32,0.0,0.8947,2.5,-15.64,,,True,A_深市版,轻资产科技服务商
300542.SZ,新晨科技,金融IT服务商,创业板,True,,缺失,,,,,,,,,,,,False,无投入表,轻资产科技服务商
300561.SZ,汇金科技,金融IT服务商,创业板,True,1.12,年报反推,1.12,,,,,,0.1395,12.45,-5.26,,,True,A_深市版,轻资产科技服务商
300663.SZ,科蓝软件,金融IT服务商,创业板,True,5.91,年报检索,,-3.95,17.66,-64.06,-66.84,1.0,,,,,,False,无投入表,轻资产科技服务商
300674.SZ,宇信科技,金融IT服务商,创业板,True,36.23,年报检索,,4.32,,,11.92,0.0,,,,,,False,无投入表,轻资产科技服务商
300803.SZ,指南针,互联网金融信息,,False,21.46,年报检索,21.47,2.28,,,10.62,0.0,1.6447,7.66,1.17,,,True,A_深市版,轻资产科技服务商
300941.SZ,创识科技,支付与商户服务,,False,,缺失,,,,,,,,,,,,False,无投入表,轻资产科技服务商
300996.SZ,普联软件,金融IT服务商,创业板,True,8.25,年报检索,8.25,0.7398,,,8.97,0.0,1.1639,14.11,7.53,,1420.0,True,A_深市版,轻资产科技服务商
600095.SH,湘财股份,证券,,False,3.01,年报反推,3.01,,,,,,0.0012,0.04,,0.0,,True,B_沪市版,资产密集型金融机构
600446.SH,金证股份,金融IT服务商,沪市主板,True,24.19,年报检索,24.19,-1.68,,,-6.95,1.0,5.0021,20.68,,3.22,5103.0,True,B_沪市版,轻资产科技服务商
600570.SH,恒生电子,金融IT服务商,沪市主板,True,57.83,年报检索,57.82,12.31,159.07,13.33,21.29,0.0,21.8,37.7,,,5463.0,True,B_沪市版,轻资产科技服务商
600624.SH,ST复华,其他,,False,6.4,年报反推,6.4,,,,,,0.3873,6.05,,18.4,,True,B_沪市版,轻资产科技服务商
600816.SH,建元信托,信托,,False,,缺失,,,,,,,,,,,,False,无投入表,资产密集型金融机构
600864.SH,哈投股份,证券,,False,,缺失,,,,,,,,,,,,False,无投入表,资产密集型金融机构
600906.SH,财达证券,证券,沪市主板,True,,缺失,,,,,,,,,,,,False,无投入表,资产密集型金融机构
600909.SH,华安证券,证券,,False,,缺失,,,,,,,,,,,,False,无投入表,资产密集型金融机构
600928.SH,西安银行,银行,沪市主板,True,,缺失,,26.5,5381.67,,,0.0,,,,,,False,无投入表,资产密集型金融机构
601059.SH,信达证券,证券,,False,40.38,年报反推,40.38,,,,,,0.1656,0.41,,,,True,B_沪市版,资产密集型金融机构
601099.SH,太平洋,证券,,False,,缺失,,,,,,,,,,,,False,无投入表,资产密集型金融机构
601136.SH,首创证券,证券,,False,,缺失,,,,,,,,,,,,False,无投入表,资产密集型金融机构
601198.SH,东兴证券,证券,,False,,缺失,,,,,,,,,,,,False,无投入表,资产密集型金融机构
601375.SH,中原证券,证券,,False,,缺失,,,,,,,,,,,,False,无投入表,资产密集型金融机构
601456.SH,国联民生,证券,,False,76.54,年报反推,76.54,,,,,,0.6889,0.9,,,,True,B_沪市版,资产密集型金融机构
601519.SH,大智慧,互联网金融信息,,False,8.26,年报反推,8.26,,,,,,1.8511,22.4,,,,True,B_沪市版,轻资产科技服务商
601788.SH,光大证券,证券,沪市主板,True,108.52,年报检索,108.51,37.29,,,34.36,0.0,9.9613,9.18,,26.01,,True,B_沪市版,资产密集型金融机构
603093.SH,南华期货,证券,沪市主板,True,13.88,年报反推,13.88,,,,,,0.2096,1.51,,,,True,B_沪市版,资产密集型金融机构
603123.SH,翠微股份,其他,,False,23.19,年报反推,23.19,,,,,,0.5428,2.34,,,,True,B_沪市版,轻资产科技服务商
603171.SH,税友股份,金融IT服务商,沪市主板,True,20.54,年报检索,20.53,1.36,,,6.62,0.0,5.1109,24.89,,9.67,1083.0,True,B_沪市版,轻资产科技服务商
603927.SH,中科软,金融IT服务商,沪市主板,True,60.28,年报检索,60.29,2.24,,,3.72,0.0,8.176,13.56,,,5322.0,True,B_沪市版,轻资产科技服务商
688318.SH,财富趋势,互联网金融信息,科创板,True,3.68,年报检索,3.68,3.15,40.55,,85.6,0.0,0.8558,23.25,,,,True,B_沪市版,轻资产科技服务商
688590.SH,新致软件,金融IT服务商,科创板,True,21.07,年报检索,21.08,-1.27,32.1,,-6.03,1.0,2.0192,9.58,,14.4,,True,B_沪市版,轻资产科技服务商
