company_id,company_name,rd_amount,rd_cap_B,rd_ratio,rd_cap_amt,rd_cap_ratio,rd_staff,rd_staff_pct,rd_total_B,rd_expensed_B
000567.SZ,海德股份,"研发投入金额（元） ||| 657,926.07 / 6,767,960.53",资本化研发投入占研发投入的比例 ||| [跳过]0.00% / [跳过]0.00% / 空,研发投入占营业收入比例 ||| 0.09% / 0.79%,研发投入资本化的金额（元） ||| 空,资本化研发投入占研发投入的比例 ||| 0.00% / 0.00%,研发人员数量(人) ||| [跳过]-66.66%,研发人员数量占比 ||| 3.2% / 8.22%,,
000686.SZ,东北证券,,,,,,,,,
000750.SZ,国海证券,,,,,,,,,
000776.SZ,广发证券,,,,,,,,,
000987.SZ,越秀资本,"研发投入金额 ||| 4,606,405.29 / 7,768,618.59",资本化研发投入占研发投入 ||| ,研发投入占营业总收入比例 ||| 0.06% / 0.10%,研发投入资本化的金额 ||| - / - / -,,研发人员数量（人） ||| [跳过]-12.22%,研发人员数量占比 ||| 6.33% / 7.15%,,
000997.SZ,新大陆,"研发投入金额（元） ||| 651,025,799.23 / 664,428,266.99",资本化研发投入占研发投入的比例 ||| [跳过]0.00% / [跳过]0.00% / [跳过]0.00% / 空,研发投入占营业总收入比例 ||| 7.43% / 8.58%,研发投入资本化的金额（元） ||| 0.00 / 0.00,资本化研发投入占研发投入的比例 ||| 0.00% / 0.00%,"研发人员数量（人） ||| 3,594 / 3,804",研发人员数量占比 ||| 57.73% / 56.75%,,
001236.SZ,弘业期货,,,,,,,,,
002537.SZ,海联金汇,,,,,,,,,
002647.SZ,仁东控股,"研发投入金额（元） ||| 35,106,591.29 / 51,773,603.16",资本化研发投入占研发投入 ||| ,研发投入占营业收入比例 ||| 4.27% / 4.47%,研发投入资本化的金额 ||| ,,研发人员数量（人） ||| [跳过]-16.55%,研发人员数量占比 ||| 35.37% / 36.58%,,
002657.SZ,中科金财,"研发投入金额（元） ||| 197,974,925.72 / 172,805,425.91",资本化研发投入占研发投入 ||| ,研发投入占营业收入比例 ||| 23.13% / 16.02%,研发投入资本化的金额 ||| ,,研发人员数量（人） ||| [跳过]-13.14%,研发人员数量占比 ||| 70.69% / 72.62%,,
002670.SZ,国盛证券,"研发投入金额（元） ||| 18,741,642.27 / 16,545,576.97",资本化研发投入占研发 ||| ,,研发投入资本化的金额 ||| ,,研发人员数量（人） ||| [跳过]6.00%,研发人员数量占比 ||| 2.30% / 2.40%,,
002721.SZ,金一文化,"研发投入金额（元） ||| 27,369,795.28",资本化研发投入占研发投入 ||| ,研发投入占营业收入比例 ||| 3.12% / 0.00%,研发投入资本化的金额 ||| ,,研发人员数量（人） ||| ,研发人员数量占比 ||| 7.44% / 0.00%,,
002797.SZ,第一创业,,,,,,,,,
002926.SZ,华西证券,,,,,,,,,
002987.SZ,京北方,,,,,,,,,
300033.SZ,同花顺,"研发投入金额（元） ||| 1,145,077,195.39 / 1,193,243,542.03",,研发投入占营业收入比例 ||| 18.99% / 28.50%,,,"研发人员数量（人） ||| 3,141 / 3,105",研发人员数量占比 ||| 61.75% / 60.97%,,
300059.SZ,东方财富,"研发投入金额（元） ||| 1,066,549,339.24 / 1,142,623,276.82",,研发投入占营业总收入比例 ||| 6.64% / 9.85%,,,"研发人员数量（人） ||| 1,973 / 1,868",研发人员数量占比 ||| 30.81% / 33.60%,,
300079.SZ,数码视讯,"研发投入金额（元） ||| 98,287,470.33 / 134,963,032.39",,研发投入占营业收入比例 ||| 13.41% / 20.18%,,,研发人员数量（人） ||| [跳过]-21.59%,研发人员数量占比 ||| 42.37% / 52.94%,,
300085.SZ,银之杰,,,,,,,,,
300130.SZ,新国都,"研发投入金额（元） ||| 286,790,299.17 / 276,645,931.45",,研发投入占营业收入比例 ||| 9.02% / 8.79%,,,研发人员数量（人） ||| [跳过]-3.20%,研发人员数量占比 ||| 39.15% / 35.84%,,
300180.SZ,华峰超纤,"研发投入金额（元） ||| 153,213,542.79 / 192,172,878.21",,研发投入占营业收入比例 ||| 3.83% / 4.19%,,,研发人员数量（人） ||| [跳过]-31.89%,研发人员数量占比 ||| 15.85% / 22.80%,,
300333.SZ,兆日科技,,,,,,,,,
300348.SZ,长亮科技,,,,,,,,,
300377.SZ,赢时胜,,,,,,,,,
300380.SZ,安硕信息,,,,,,,,,
300465.SZ,高伟达,,,,,,,,,
300468.SZ,四方精创,"研发投入金额（元） ||| 59,923,361.47 / 70,100,534.63",,研发投入占营业收入比例 ||| 9.50% / 9.47%,,,研发人员数量（人） ||| [跳过]-0.98%,研发人员数量占比 ||| 19.31% / 20.10%,,
300541.SZ,先进数通,"研发投入金额（元） ||| 89,474,393.16 / 106,067,224.78",,研发投入占营业收入比例 ||| 2.50% / 4.78%,,,研发人员数量（人） ||| [跳过]4.27%,研发人员数量占比 ||| 9.08% / 8.21%,,
300542.SZ,新晨科技,,,,,,,,,
300561.SZ,汇金科技,"研发投入金额（元） ||| 13,952,938.46 / 14,726,953.57",,研发投入占营业收入比例 ||| 12.45% / 16.39%,,,研发人员数量（人） ||| [跳过]13.46%,研发人员数量占比 ||| 37.11% / 36.88%,,
300663.SZ,科蓝软件,,,,,,,,,
300674.SZ,宇信科技,,,,,,,,,
300803.SZ,指南针,"研发投入金额（元） ||| 164,474,020.00 / 162,573,764.00",,研发投入占营业收入比例 ||| 7.66% / 10.63%,,,研发人员数量（人） ||| [跳过]20.13%,研发人员数量占比 ||| 9.94% / 11.51%,,
300941.SZ,创识科技,,,,,,,,,
300996.SZ,普联软件,"研发投入金额（元） ||| 116,388,250.52 / 108,236,126.81",,研发投入占营业收入比例 ||| 14.11% / 12.94%,,,"研发人员数量（人） ||| 1,420 / 1,473",研发人员数量占比 ||| 51.15% / 54.47%,,
600095.SH,湘财股份,,本期资本化研发投入 ||| 0.00,研发投入总额占营业收入比例（%） ||| 0.04,,研发投入资本化的比重（%） ||| 0.00,公司研发人员的数量 ||| ,研发人员数量占公司总人数的比例（%） ||| 0.08,"研发投入合计 ||| 120,568.78","本期费用化研发投入 ||| 120,568.78"
600446.SH,金证股份,,"本期资本化研发投入 ||| 16,112,541.14",研发投入总额占营业收入比例（%） ||| 20.68,,研发投入资本化的比重（%） ||| 3.22,"公司研发人员的数量 ||| 5,103",研发人员数量占公司总人数的比例（%） ||| 78.47,"研发投入合计 ||| 500,214,826.78","本期费用化研发投入 ||| 484,102,285.64"
600570.SH,恒生电子,,本期资本化研发投入 ||| ,研发投入总额占营业收入比例（%） ||| 37.70,,研发投入资本化的比重（%） ||| 空,"公司研发人员的数量 ||| 5,463",研发人员数量占公司总人数的比例（%） ||| 53.2%,"研发投入合计 ||| 2,180,002,239.53","本期费用化研发投入 ||| 2,180,002,239.53"
600624.SH,ST复华,,"本期资本化研发投入 ||| 7,127,102.52",研发投入总额占营业收入比例（%） ||| 6.05,,研发投入资本化的比重（%） ||| 18.40,公司研发人员的数量 ||| ,研发人员数量占公司总人数的比例（%） ||| 13.43,"研发投入合计 ||| 38,731,894.76","本期费用化研发投入 ||| 31,604,792.24"
600816.SH,建元信托,,,,,,,,,
600864.SH,哈投股份,,,,,,,,,
600906.SH,财达证券,,,,,,,,,
600909.SH,华安证券,,,,,,,,,
600928.SH,西安银行,,,,,,,,,
601059.SH,信达证券,,本期资本化研发投入 ||| -,研发投入总额占营业收入比例（%） ||| 0.41,,研发投入资本化的比重（%） ||| -,公司研发人员的数量 ||| ,研发人员数量占公司总人数的比例（%） ||| 1.60,"研发投入合计 ||| 16,556,046.27","本期费用化研发投入 ||| 16,556,046.27"
601099.SH,太平洋,,,,,,,,,
601136.SH,首创证券,,,,,,,,,
601198.SH,东兴证券,,,,,,,,,
601375.SH,中原证券,,,,,,,,,
601456.SH,国联民生,,本期资本化研发投入 ||| -,研发投入总额占营业收入比例（%） ||| 0.90,,研发投入资本化的比重（%） ||| - / 空,公司研发人员的数量 ||| ,研发人员数量占公司总人数的比例（%） ||| 3.12,"研发投入合计 ||| 68,889,914.65","本期费用化研发投入 ||| 68,889,914.65"
601519.SH,大智慧,,本期资本化研发投入 ||| ,研发投入总额占营业收入比例（%） ||| 22.40,,研发投入资本化的比重（%） ||| ,公司研发人员的数量 ||| ,研发人员数量占公司总人数的比例（%） ||| 39.9,"研发投入合计 ||| 185,114,548.64","本期费用化研发投入 ||| 185,114,548.64"
601788.SH,光大证券,,"本期资本化研发投入 ||| 25,914.16",研发投入总额占营业收入比例（%） ||| 9.18,,研发投入资本化的比重（%） ||| 26.01,公司研发人员的数量 ||| ,研发人员数量占公司总人数的比例（%） ||| 5.87,"研发投入合计 ||| 99,613.18","本期费用化研发投入 ||| 73,699.02"
603093.SH,南华期货,,本期资本化研发投入 ||| -,研发投入总额占营业收入比例（%） ||| 1.51,,研发投入资本化的比重（%） ||| -,公司研发人员的数量 ||| ,研发人员数量占公司总人数的比例（%） ||| 3.64,"研发投入合计 ||| 20,958,514.99","本期费用化研发投入 ||| 20,958,514.99"
603123.SH,翠微股份,,本期资本化研发投入 ||| ,研发投入总额占营业收入比例（%） ||| 2.34,,研发投入资本化的比重（%） ||| ,公司研发人员的数量 ||| ,研发人员数量占公司总人数的比例（%） ||| 4.32,"研发投入合计 ||| 54,275,804.57","本期费用化研发投入 ||| 54,275,804.57"
603171.SH,税友股份,,"本期资本化研发投入 ||| 49,419,078.83",研发投入总额占营业收入比例（%） ||| 24.89,,研发投入资本化的比重（%） ||| 9.67,"公司研发人员的数量 ||| 1,083",研发人员数量占公司总人数的比例（%） ||| 17.29,"研发投入合计 ||| 511,088,543.82","本期费用化研发投入 ||| 461,669,464.99"
603927.SH,中科软,,本期资本化研发投入 ||| ,研发投入总额占营业收入比例（%） ||| 13.56,,研发投入资本化的比重（%） ||| ,"公司研发人员的数量 ||| 5,322",研发人员数量占公司总人数的比例（%） ||| 29.56,"研发投入合计 ||| 817,599,093.52","本期费用化研发投入 ||| 817,599,093.52"
688318.SH,财富趋势,,资本化研发投入 ||| / / /,研发投入总额占营业收入比 ||| [标签续行]例（%） / 23.25 / 23.52,,研发投入资本化的比重（%） ||| / / /,,,"研发投入合计 ||| 85,579,472.74","费用化研发投入 ||| 85,579,472.74"
688590.SH,新致软件,,"资本化研发投入 ||| 29,066,596.48",研发投入总额占营业收入比例（%） ||| 9.58 / 8.85,,研发投入资本化的比重（%） ||| 14.40 / 13.72,,,"研发投入合计 ||| 201,915,041.01","费用化研发投入 ||| 172,848,444.53"
